Business Name,Business Type,Physical Location/Address,Business Zipcode,Business Website,Business Phone Number,Business Email,Other Information
CRECK HEALTH & BEAUTY,"apperal ,beauty and health supplies",123A Alexander st,02125,,6175300626,raysamw@yahoo.com,Minority-owned
Not yet,"Retail, Handmade",Not yet,02155,,860 338 2051,Sopra787@gmail.com,N/A
Abali Samira’s daycare,Education,120 Ashland st  Melrose ,02176,,781-985-0851,abalisamira@hotmail.com,Minority-owned
"Advocacy for Special Kids, LLC",Education,25 Braintree Hill Office Park Suite 200 ,02184,http://asktheadvocate.org,7814284970,maureen@asktheadvocat.org,N/A
Alexis Frobin Acupuncture,Healthcare,1532b Dorchester Ave,02122,http://www.alexisfrobinacu.com,917-968-2639,Alexis.frobin@gmail.com,N/A
Alexis Frobin Acupuncture,Healthcare,1532b Dorchester Ave,02122,http://www.alexisfrobinacu.com,9179682639,alexis.frobin@gmail.com,N/A
All Fit Alteration,Retail,"138 newbury Street, second floor",02116,,6172361984,allfittailoring@yahoo.com,"Minority-owned, Immigrant-owned"
All Things Visual,Website Design,,02136,https://queentemi.wordpress.com/,,allthingsvisual1@gmail.com,Minority-owned
Alves l Santos P.C.,Professional Services,"37 Belmont St, Suite203",02301,,7742039751,Santos@alvessantoslaw.com,"Minority-owned, Immigrant-owned"
Alves l Santos P.C.,Professional Services,"37 Belmont St, Suite203",02301,,7742039751,Santos@alvessantoslaw.com,"Minority-owned, Immigrant-owned"
Amorino Gelato,Food and Beverage,"249 Newbury Street, Boston, MA, 02116",02116,,6175853185,amorino101@gmail.com,Immigrant-owned
andreas vault,Retail,44 linden street,02122,https://andreasvault.com,7818282888,info@andreasvault.com,Minority-owned
"Arredondo Family Foundation, Inc.",Suicide Prevention - Military and for Spanish speakers,"4258 Washington Street, Suite 11",02131,https://arredondofoundation.org/,6176372054,melida@arredondofoundation.org,Minority-owned
"Bento Real Estate Group, Inc. ",Real Estate Broker/Owner,685 East 5th Street,02127,http://www.bentorealestate.com/,617-901-9671,darcy@bentorealestate.com,N/A
Boston Chinatown Tours,"Tourism, Food, Culture, History of Boston's Chinatown",116 Lincoln St,02111,https://www.jacquelinechurch.com/chinatown-tours,6178514880,jacquelinechurch.consulting@gmail.com,Minority-owned
Boston Kids,Retail,Faneuil Hall Marketplace,02109,,6176885967,susanluongo@outlook.com,N/A
Boston Sports Leagues,Recreational sports and social events,30 Newbury Street- 3rd Fl,02116,https://www.BostonSportsLeagues.com,6176515000,info@bostonsportsleagues.com,N/A
Break of Dawn catering,"Creative Economy, Food and Beverage, Restaurant & Catering",80 West Dedham St. 1506 Boston Ma.,02118,,6178176130,Amstrokes617@gmail.com,Minority-owned
Cityhome ,"Restaurant & Catering, Retail",Commercial Wharf,02110,https://shopcityhome.com/,6788004313,rachel@shopcityhome.com,N/A
CravenRaven Boutique ,Retail,20 Thatcher St,02136,https://cravenravenboutique.com/,8573184391,Officialcravenraven.com,Minority-owned
Curious Turk,Education,211 WACHUSETT ST,02130,https://www.ecegurler.com/,7737176243,info@ecegurler.com,Minority-owned
D & D Towing,Towing,1 Ellery st,02127,,617-464-8697,dwhe605849@aol.com,N/A
D&A Solutions,"Clean-tech/Green-tech, Cleaning Company ",29 Tarbox st,02136,https://dasolutionsco.com/,6173099762,cleanedbydas@gmail.com,Minority-owned
Eye Adore Threading,Salon,120 Charles Street,02114,http://www.eyeadorethreading.com,857-263-8054,hello@eyeadorethreading.com,"Minority-owned, Immigrant-owned"
Eye Adore Threading,Salon,467 Shawmut Ave.,02118,http://www.eyeadorethreading.com,857-991-1020,hello@eyeadorethreading.com,"Minority-owned, Immigrant-owned"
Fatou Sy,Cleaning,160 Crawford St ,02121,,6175293718,Fatousy1229@gmail.com ,Minority-owned
Flair Boston,Retail,140 Newbury Street,02116,https://flairbridesmaid.com/,16172472828,Stacey@flairbridesmaid.com,N/A
FLORECEN,Education,161 South Huntington Avenue,02130,,6175960038,deniseflores7@gmail.com,Minority-owned
FLOW,Creative Economy,61 Ridgewood St. ,02122,,617-372-4675,ladyflowceo@gmail.com,N/A
Fountain Street,Creative Economy,"4§0C Harrison Ave, Boston",02118,https://www.fsfaboston.com/,7742861800,director@fsfaboston.com,N/A
Full Moon Botanica,Health & Wellness,"38 Gleason St, Boston, MA",02121,https://the-full-moon-botanica.myshopify.com/,857-209-8008,info@thefullmoonbotanica.com,Minority-owned
Fynerthings Gifts,Retail,19 old Morton at ,02126,,8454611421,Fynerthings@gmail.com,Minority-owned
Gabriela Salas,Professional Services,18 Baker St,02132,https://brandswithapurpose.com/,6178701379,gaby@brandswithapurpose.com,Minority-owned
Gem Am I,Retail,98 crestwood park,02121,,8573089875,tlgmk123@gmail.com,Minority-owned
Hablo Español ,Education,161 South Huntington Avenue,02130,,6175960038,hehabloespanol@gmail.com,Minority-owned
HAI Analytics,"Education, Professional Services, Technology, Data science / predictive modeling",67 2nd Street,02155,https://haianalytics.com/,6179344556,ecoleman@haianalytics.com,N/A
Happy Hangups,Retail,Faneuil Hall Marketplace,02109,,6176885967,happyhangups@outlook.com,N/A
"Holistically You, Inc.","Education, Healthcare, Professional Services","100A Warren Street, Suite 1, Roxbury",02119,http://www.holisticallyyouinc.com,6172866861,vanessa@holisticallyyouinc.com,Minority-owned
Honor Code Creative LLC,"Creative Economy, Professional Services, Advertising, Marketing, Branding",84 CLIFFORD ST,02176,https://www.honorcodecreative.com/,6176458494,susanne@honorcodecreative.com,Minority-owned
"IMMAD, LLC",Forensic Science ,62 Forest Ave,02169,,6173478737,deniseavalenti@gmail.com,N/A
INNOVENUS,"Professional Services, Coach women entrepreneurs start a business",867 Boylston St,02199,,9152276277,mgconsultant@outlook.com,"Minority-owned, Immigrant-owned"
Interactive Construction Inc.,Development and Construction,9 M Street,02127,,6177997900,RockHillPartners@protonmail.com,Immigrant-owned
Jlw Medical Management Consulting,"Financial Services, Healthcare, Professional Services",30 Newbury street,02116,,857-260-8010,Jessica.Whitfield@jlwmedicalmanagement.com,Minority-owned
JLW Medical Management Consulting,"Financial Services, Healthcare, Professional Services, Consulting","594 Hollis Street, Framingham, MA, 01702",02116,https://jlwmedicalmanagement.net,857-444-5444,info@jlwmedicalmanagement.net,"Minority-owned, N/A"
JoyefullyNatural,Healthcare,40 Wales St,02124,,8577195144,joyefullynatural@gmail.com,Minority-owned
Karen Brodie,Construction ,"1 Westinghouse Plaza, A207",02136,,617-593-8986,B.i.group25@gmail.com ,Minority-owned
KeepIt Financial LLC,Financial Services,"415 Washington Street, Brookline, MA ",02445,https://www.keepitfinancial.com/,6173887272,emily@keepitfinancial.com,N/A
Kristin Simone with Grant Boutique Design house & Agency ,"Creative Economy, Professional Services, Retail, Creative Agency",Remote,02116,http://www.thegrantboutique.com,8572888227,inquire@kristinsimone.com,"Minority-owned, Immigrant-owned"
Krystyn Elek - Unlimited Sotheby’s International Realty,Professional Services,673 Centre St,02130,http://krystynsellshomes.com,8432095044,krystyn.elek@unlimitedsir.com,Minority-owned
LEVATUS Wealth Services,Financial Services,129 Newbury Street Suite 300,02116,https://www.levatuswealth.com/,617-505-4710,jgrande@levatuswealth.com,N/A
Live Bravely,Healthcare,"30 Newbury St, Suite 3",02116,https://www.bravelytogether.com,,hello@bravelytogether.com,N/A
LORD & Stovell dba EXIT Bayside Realty,"Professional Services, Residential and Commercial Real Estate Sales and Leasing",1810 Dorchester Ave. #9C,02124,https://www.EXITbaysideRealty.com,617-265-6111,Info@EXITBaysideRealty.com,"Minority-owned, Immigrant-owned"
LsLuxe Designs,"Retail, Interior Design & Construction Project Management ","Boston,MA",02116,https://lsluxedesigns.com/, (857) 246-8408, lsluxedesigns@gmail.com,Immigrant-owned
MakerHealth,"Bio-tech & Life Sciences, Creative Economy, Healthcare","23 Drydock Ave. Boston, MA ",02210,http://www.makerhealth.co,,anna@makerhealth.co,N/A
McDermott Ventures ,Communications and Public Affairs ,McDermott Ventures ,02110,Http://mcdermottventures.com,6175579190,carolyn@mcdvent.com,N/A
Medical Aesthetics on Tremont,Medical spa/ Day Spa,655 Tremont Street,02118,https://www.medicalaestheticsontremont.com/,8572398067,info@maont.com,N/A
Meet the Creators ,Art,"20 Dennis Street, Boston MA",02119,,617-756-8022,contact@meetthecreators.net,Minority-owned
Miss.technology,Technology,11 new whitney st boston ma ,02115,,,ilvert.shawneice@gmail.com,N/A
Monogram Ring,Retail,N. Billerica ,02215,http://www.AbigailPope.com,334-547-9481,popemodern@gmail.com,N/A
Monogram Ring,Retail,N. Billerica ,02215,http://www.AbigailPope.com,334-547-9481,popemodern@gmail.com,N/A
Motivated Helpers Green Residential Cleaning ,Green Cleaning (Residential ,Melrose ,02176,https://motivatedhelper.com/,404-396-5695,Motivatedhelpers@gmail.com,Minority-owned
New Park Creative,Creative Agency,"120 St James Ave Floor 6, Boston Ma",02116,https://www.newparkcreative.com,617-249-1231,Carrianne@newparkcreative.com,Minority-owned
Nimba LLC dba Amorino,Food and Beverage,249 Newbury Street,02116,,6179539682,lea.sasportes@gmail.com,Immigrant-owned
Norelle Done,Professional Services,N/A (Digital only),02108,http://www.norelledone.com,206-941-2831,norelledone@gmail.com,N/A
"Parkway Driving School, LLC","Education, Professional Services",1752 Centre Street,02132,http://parkwaydrivingschool.com/,6174774257,info@parkwaydrivingschool.com,N/A
Parkway Wealth Management,"Education, Financial Services","20 McKenna Terrace Suite 303 
West Roxbury MA",02132,http://parkwaywealth.net,617-620-5172,eduffy@parkwaywealth.net,N/A
Parsnip,Technology,50 Malden Street,02118,https://parsnip.me,9196215601,sally@parsnip.me,N/A
Pie for Bands Inc,Technology,543 Dorchester Ave,02127,,,emily@pieforbands.com,N/A
Pillar Search & HR Consulting,"Professional Services, Executive Search/Recruiting/Human Resources Consulting","389 Beacon Street, No. 9",02116,https://www.pillarsearch.com,6175297708,cindy@pillarsearch.com,N/A
Potencia,"Education, Nonprofit","574 Boston Ave, Medford, MA",02155,https://www.potenciaus.org,(617) 580 - 0176,team@potenciaus.org,N/A
Queens Royal Cleaning Co,"Clean-tech/Green-tech, Education, Healthcare, Personal maid",289 georgetowne drive,02136,,7742970225,tweston128@gmail.com,Minority-owned
Queens Royal Cleaning Co,"Clean-tech/Green-tech, Education, Healthcare, Professional Services, Cleaning industry",289 georgetowne drive,02136,,7742970225,Queensroyalcleaning1@gmail.com,N/A
Rhodesia J Designs,"Creative Economy, Professional Services",6 Liberty Square  PMB #211 ,02109,https://www.rhodesiajdesigns.com,6172977717,me@rhodesiajdesigns.com,Minority-owned
Seacrest Corp,Professional Services,"Boston, MA",02109,https://seacrestcorp.com/contact-us,,arianna@seacrestcorp.com,Minority-owned
Seawright Realty Group,Real Estate,81 West Street,02136,,6176371873,kakins@seawrightrealtygroup.com,Minority-owned
So Saucy Entertainment ,Professional Services,Boston MA,02125,http://mshotsauce2u.com,9105572823,mshotsauce2u@gmail.com,Minority-owned
Sophy Tuttle Studios,Creative Economy,"26 Gorham Road, #2, Medford, MA",02155,http://www.sophytuttle.com,(978)394-1954,sophy@sophytuttle.com,Immigrant-owned
Spark FM Online ,Broadcast Media ,Boston MA ,02125,http://sparkfmonline.com,,sparkfmonline1@gmail.com,Minority-owned
Spatial Relationships,Technology,800 Boylston St #990756,02199,http://www.spatial-relationships.com,8574008922,kathrynb@spatial-relationships.com,N/A
Speak Like A Badass,Professional Services,"Newton, MA",02101,https://www.speaklikeabadass.com/,617.826.9412,AK@SpeakLikeABadass.com,"Immigrant-owned, N/A"
SUPERFRAU ,Food and Beverage,"196 Quincy St Dorchester, MA",02121,https://www.drinksuperfrau.com/,6172099786,Hello@drinksuperfrau.com,N/A
Superior Service Cleaning and Labor,Janitorial,108 GREENFIELD ROAD Suite 1R,02126,https://www.superiorservicecleaning.com/,617-980-8740,spena@superiorservicecleaning.com,Minority-owned
Sydney Janey Design | JaneyWORKS,Creative Economy,151 Townsend Street,02121,http://sydneyjaneydesign.com,8572300639,sydney@sydneyjaneydesign.com,Minority-owned
sySTEMic flow ,Education,"Boston, MA",02132,http://www.systemicflow.com,,jsanon@systemicflow.com,Minority-owned
"The Corny Bread Company, LLC",Food and Beverage,196 Quincy Street,02121,https://cornybread.com,617.917.5888,info@cornybread.com,Minority-owned
The Rose Maven,Retail,E-Commerce Store,02368,https://therosemaven.com,6172099917,shop@therosemaven.com,Minority-owned
The Stitch House,"Creative Economy, Education, Retail",846 Dorchester Ave,02125,https://www.stitchhousedorchester.com/,617-265-8013,info@stitchhousedorchester.com,N/A
Vers-ability,Creative Economy,5 Hatherly Rd,02135,https://www.vers-ability.com,8577537126,versabilitydecor@gmail.com,N/A
Wee Care JP ,Education,305 Lamartine Street ,02130,,617-522-7901,weecarejp@comcast.net ,Minority-owned
Women's Hub,Professional Services,"Boston, MA",02110,https://www.thewomenshub.net/,617-852-1489,vanessa@vanessafarino.com,"Minority-owned, Immigrant-owned"
Luna Healing,Life Coaching,Online Business Only,02115,http://www.lunahealingcrystals.com,6179530899,lunahealing@yahoo.com,Minority-owned
Therapy Evolved ,Healthcare,Virtual ,02346,http://www.therapyevolved.com,781-353-8068,Cheryl@therapyevolved.com,N/A
JaJa Co,Architecture,8 Mt. Auburn St.,02138,http://ja-ja.co,,info@deptofarchitecture.com,Minority-owned
TomBoy Glam,"Professional Services, Hair and Makeup",Mobile,02122,,,,Minority-owned
Spark Joy Boston,"Education, Professional Services",186 Washington Street Brighton MA,02135,http://www.sparkjoyboston.com,413-575-0188,Phoebe@sparkjoyboston.com,Minority-owned
Get Girls Going ,Education,Boston MA ,02125,https://www.getgirlsgoing.org/,5084509508,ggg@getgirlsgoing.org,Minority-owned
Kiddies Corner ,Education,858 Morton St.,02126,,,Kiddiescenter123@gmail.com,"Minority-owned, Immigrant-owned"
kiddies Corner Childcare ,Education,858 Morton Street,02126,,6178402814,kiddiescenter123@ gmail.com,"Minority-owned, Immigrant-owned"
Megan Fine Health & Life Coaching,Coaching,69 JOSEPHINE AVENUE,02144,https://www.coachedbymegan.com/,4845530416,meg.e.fine@gmail.com,N/A
Ferone Educational Consulting,Education,"Milton, MA",02186,https://www.feroneconsult.com/,6175043423,janet@feroneconsult.com,N/A
Satin Kiss,"Education, Retail","Mailing Address: 6 Liberty Sq., #2208, Boston, MA 02109",02109,https://www.satinkiss.me,857-308-4052,contact@satinkiss.me,Minority-owned
Allison Tanenhaus,Creative Economy,337 Summer St.,02144,https://allisontanenhaus.com,,slogansfornothing@gmail.com,N/A
Awayte,Financial Services,"Lawrence, MA",02101,https://www.awayte.com,212-931-0184,diane@awayte.com,Minority-owned
Iterators LLC,"Professional Services, software testing and data analysis - we can work with any business, any industry","50 Milk Street, Boston, MA 02109",02109,https://Iteratorstesting.com,617-909-0564,jwillcox@iteratorstesting.com,N/A
Presidential Properties,"Professional Services, Real Estate Brokerage","17 Myrtle Street, Boston, MA 02114",02114,http://www.yourbostonapartments.com/,857-362-7306,Boston@PresidentialProperties.us,N/A
Sparkle Clean Boston LLC,"Clean-tech/Green-tech, Professional Services",Boston ma,02119,https://www.sparklecleanboston.com/,7813758475,Sparklecleaningcompany21@gmail.com,Minority-owned
Purrmore Cat Care,Pet Care,Jamaica Plain,02130,https://www.purrmorecats.com/,617-870-3760,purrmore@purrmorecats.com,Immigrant-owned
Ayana Mack Design,Creative Economy,Online,02126,https://www.ayanamack.co/,,ayanamackdesign@gmail.com,Minority-owned
ZAAZEY,Extra Virgin Olive Oil,"588 Boston post Road, suite 301, Weston, MA 02493",02445,https://www.zaazey.com,6172168675,Laura@zaazey.com,N/A
Power Within Her,"Professional Services, Women's Empowerment Groups virtual & in person","235 High Stree W.Barnstable, Ma.",02101,http://www.powerwithinher.com ,7744130073,patricia@powerwithinher.com,N/A
Creative Contour by Carla ,Makeup Artistry,"750 American Legion Highway, Roslindale, MA ",02131,https://www.creativecontourbycarla.com,617-823-8048,Creativecontourbycarla@gmail.com ,N/A
Essentially Yours LLC,Retail,547 Hyde Park Avenue,02131,https://essentiallyyoursvending.com/,8572254247,eyvending@gmail.com,Minority-owned
Purposeful Projects Group,Professional Services,"Charlestown, MA",02129,https://purposefulprojectsgroup.com,,rleonard@purposefulprojectsgroup.com,N/A
Boston Got Next Entertainment,"Professional Services, Entertainment",1486 Dorchester Avenue #1,02124,https://bostongotnext.com,617-379-0194,bgn617@gmail.com,Minority-owned
TransitionHER,Professional Services,1 Devonshire Place,02109,http://www.transitionher.com/,8477070225,jayne@transitionher.com,N/A
"Groundations, LLC dba aneufit",Healthcare,364 Boylston Street,02116,https://www.aneufit.com/,6176814776,info@aneufit.com,Minority-owned
Erin Jackson Art ,Creative Economy,N/A,02135,https://www.etsy.com/shop/ErinJacksonArt,,erinlaselle@gmail.com,N/A
Boston Property Buyers,"Professional Services, Real Estate",25 Dorchester Ave Ste: 51436,02205,https://bostonpropertybuyers.com/,617-420-7191,Yosh@ospropertygroup.com,"Minority-owned, Immigrant-owned"
Lanique + Co,Retail,198 Tremont St Ste 411,02116,http://www.laniqueandco.com,305-780-6270,Gratitude@laniqueandco.com,Minority-owned
Blue Dynasty Entertainment and Travel,Tourism,PO Box 191911,02119,http://bluedynastyent.com,877-ENT-8003,Info@bluedynastyent.com,Minority-owned
Shanti,Food and Beverage,1111 Dorchester Ave,02125,https://www.shantiboston.com/,6179293900,rokeya@shantiboston.com,"Minority-owned, Immigrant-owned"
Dudley Cafe,Food and Beverage,15 Warren St,02119,https://www.dudleycafe.com/,6174451000,rokeya@shantiboston.com,"Minority-owned, Immigrant-owned"
Presidential Properties,Professional Services,"17 Myrtle Street, Boston, MA",02114,https://yourbostonapartments.com/,617-256-5516,kristie@presidentialproperties.us,N/A
Cobblestone Convenience LLC,Retail,"24 Joy Street, Boston, MA",02114,https://www.facebook.com/cobblestoneconvenience/,6172565516,INFO@COBBLESTONECONVENIENCE.COM,N/A
Boston Electrical Solutions Inc.,"Clean-tech/Green-tech, Professional Services, ELECTRICAL AND FIRE ALARM SERVICES",209 Eliot st,02186,,6173220095,bostonelectricalsolutions@gmail.com,N/A
Geri Paige Butner,"Professional Services, Business Launch & Life Alignment Coaching","Seaport, Boston, MA",02210,https://www.geripaige.com/,,,N/A
Fundamental Optical Solutions LLC,Technology,543 Mass Ave. 3,02118,https://www.fundamentalopticalsolutions.com,19788097759,gcoleiny@fundamentalopticalsolutions.com,N/A
Fundamental Optical Solutions LLC,Technology,543 Mass Ave. 3,02118,https://www.fundamentalopticalsolutions.com/,19788097759,gcoleiny@fundamentalopticalsolutions.com,Minority-owned
PM MECHANICAL SERVICES,"Clean-tech/Green-tech, Manufacturing, Professional Services, HVAC ,Mechanical, Building Automation, Clean safe Air",40 lonsdale st,02124,http://www.pmmechanicalservices.com/,6174330940,karaanneb99@gmail.com,N/A
So Sabe Catering ,Restaurant & Catering,996 Dorchester Ave Dorchester Ma,02125,https://www.sosabecatering.com,1(617)326-6432,juliajardim013@gmail.com,"Minority-owned, Immigrant-owned"
www.peppatopshairbar.com,Retail,9 Saint Casimir Street,02127,https://www.peppatopshairbar.com/,6174477633,peppatops@gmail.com,Minority-owned
Come Dista ,"Food and Beverage, Restaurant & Catering",1742 Washington St,02118,http://www.comedista.com,4138888753,Kiernan@comedista.com,N/A
Come Dista ,"Food and Beverage, Restaurant & Catering",1742 Washington St,02118,http://www.comedista.com,4138888753,Kiernan@comedista.com,N/A
Eva's Tailoring & Dry Cleaning Inc.,Clothing alteration and dry cleaning,537 Shawmut Avenue,02118,,6172669275,evascleaners@verizon.net,Minority-owned
Dollhouse Vanity & Co.,Beauty Salon,6 Hancock st ,02124,,5083040885,Dollhousevanityco@gmail.com,Minority-owned
We Are Hair,"Professional Services, Hair Salon",18A Hyde Park Ave.,02130,,6174708905,wearehair2@gmail.com,Minority-owned
Full Circle Arts,"Creative Economy, Contemplative + Healing Arts",52 Birch Street,02131,https://www.full-circle-arts.com/,617-971-8951,FullOArts@gmail.com,N/A
Samar Real Estate Solutions LLC,Construction,165 South Street unit 2L,02130,https://solutionsbysamar.com,617-780-5293,samar@solutionsbysamar.com,N/A
"Parkway Driving School, LLC","Education, Professional Services","1752 Centre Street, West Roxbury, MA  02132",02132,https://parkwaydrivingschool.com/,617-477-4257,Info@parkwaydrivingschool.com,N/A
Jennifer Sahady,Education,Commonwealth Ave,02215,https://www.jennifersahady.com/,(617) 752-1737,jennifer@jennifersahady.com,N/A
Little Spanish Garden Family Childcare,Education,15 Lothrop avenue,02186,,6178589743,yalennysvelazquez@hotmail.com,N/A
Presidential Properties L.L.C.,Professional Services,17 Myrtle Street,02114,https://yourbostonapartments.com/,617-256-5516,Kristie@PresidentialProperties.us,N/A
DavisKelly Certified Public Accountants,"Financial Services, Professional Services","4238 Washington Street, Ste. 307",02131,https://www.daviskellycpas.com/,(617) 390-5734,info@daviskellycpas.com,Minority-owned
Culture Driven Growth ,Professional Services,"300 Bolyston St, Boston MA ",02116,https://CultureDrivenGrowth.com,3392220211,mary@culturedrivengrowth.com,N/A
Home Care Heroes Group,Healthcare,26 True St.,02151,,13394406500,homecareheroesgroup@gmail.com,N/A
YOCO,Wellness,391 Revolution Drive,02145,https://www.yoco.space/,7742748966,yogainom@gmail.com,Minority-owned
The Mindful Mutt,Pet Care,"Allston, Brighton, Brookline",02135,https://www.themindfulmutt.com/,631-680-9202,themindfulmuttboston@gmail.com,Minority-owned
J’ Allure Interior Design & Consulting ,Professional Services,764 Washington st,02124,https://www.jalluredesigns.com/,617-615-6549,Janice@jalluredesigns.com,Minority-owned
"L.E.Creamer and Co. - Professional Organizing, Decluttering, Styling, and Sourcing",Professional Services,N/A,02129,https://www.lecreamerandco.com/,617-286-6166,lecreamerandco@gmail.com,N/A
Deirfiur Home,Retail,"735 East Broadway, Boston, MA 02127",02127,https://www.deirfiurhome.com/,1 617-752-4182,caitlin@deirfiurhome.com,N/A
N/A,"Bio-tech & Life Sciences, Clean-tech/Green-tech, Creative Economy, Education, Financial Services, Food and Beverage, Healthcare, Manufacturing, Professional Services, Restaurant & Catering, Retail, Technology, Tourism",153 Theodore Parker Road,02132,,6179573010,alanna.kelly0813@gmail.com,N/A
"Justice For Housing, Inc","Education, Professional Services, Non Profit",41 Round Hill Street,02130,https://www.justice4housing.org,18572585052,lcredle@justice4housing.org,Minority-owned
Bead + Fiber,Retail,460A Harrison Avenue,02118,http://www.beadandfiber.com,6174262323,sara@beadandfiber.com,Minority-owned
Carnation Capital,Professional Services,349 Pleasant Street,02148,https://www.carnationcapital.com,(857) 529-6995,info@carnationcap.com,N/A
"Artful D Creations, LLC","Creative Economy, Retail",No Physical Address,02136,https://www.artfuldcreations.com,8577195280,artfuldcreations@gmail.com,"Minority-owned, Immigrant-owned"
The Yoga Playground,"Education, Healthcare, Retail, Fitness/Wellness",126 W 8th Street,02127,https://www.yogaplayground.org/,6179434408,theyoga.playground@gmail.com,N/A
British Swim School - City of Boston ,"Education, Swim School ","111 Boylston St Brookline Ma, 55 Ariadne Rd. Dedham, Ma",02186,https://britishswimschool.com/city-of-boston/,617-910-2568,goswimboston@britishswimschool.com,Minority-owned
Happy Places Plant Design,Professional Services,Medford MA,02155,www.happyplacesplantdesign.com,6175016530,alyssa@happyplacesplantdesign.com,N/A
GreenGear Supply Company Inc. ,Clean-tech/Green-tech,"Boston, MA",02116,greengearsupply.com,,Info@greengearsupply.com,Minority-owned
aneufit,Professional Services,364 Boylston St. Fl4 Boston MA 02116,02116,www.aneufit.com,617-681-4776,info@aneufit.com,Minority-owned
Little Cocoa Bean Co. ,"Food and Beverage, Retail","114 South Street, Jamaica Plain, MA 02131 (we're in construction)",02131,www.littlecocoabeanco.com ,6173313226,tskelly@littlecocoabeanco.com,Minority-owned
Drumi,Retail,31 St James Ave,02116,www.drumi.com,8444253556,kanchan@drumi.com,Immigrant-owned
Esthetics Center New England,Professional Services,14 Mica Lane,02115,estheticscenterne.com,7812354957,info@estheticscenterne.com,Minority-owned
Paramo Snacks,"Food and Beverage, Retail","399 Congress St,  # 602",02210,www.paramosnacks.us,6173187501,margarita.cabal@paramosnacks.com,Minority-owned
Sprinkles Ice Cream,Food and Beverage,120 Faneuil Hall Marketplace,02109,www.quincymarketsweets.com,617-367-0569,Syoungelson@aol.com,N/A
Quincy's Place,Food and Beverage,254 Faneuil Hall Marketplace,02109,www.quincymarketsweets.com,617-723-3635,Syoungelson@aol.com,N/A
Kilvert & Forbes Bake Shop,Food and Beverage,200 Faneuil Hall Marketplace,02109,www.quincymarketsweets.com,617-723-6050,Syoungelson@aol.com,N/A
"Sylvia M. Singleton, CPA",Financial Services,"5230 Washington Street, Ste. 1, West Roxbury",02132,www.smsingletoncpa.com,617-390-2077,sylvia@smsingletoncpa.com,Minority-owned
JaMa Professional Cleaning,Building Services-Cleaning,1269 Hyde Park Ave395667,02136,www.jamaprocleaning.com,+11617899438,maria@jamapro.com,Minority-owned
Jenn Márquez Photographer,Professional Services,"Boston, MA",02131,www.jennmarquez.com,,jmarquezphotography@gmail.com,Minority-owned
The Soul Supplier,"Education, Financial Services, Professional Services",425 Massachusetts Ave,02139,https://thesoulsupplier.com,401-696-8400,sukia@thesoulsupplier.com,Minority-owned
Che Iconic,Creative Economy,"675 VFW PKWY BOSTON, MA",02131,CHEICONIC.COM,,HELLO@CHEICONIC.COM,Minority-owned
Dianna Mitchy Inc.,"Education, Healthcare, Professional Services, Heath & Wellness",425 Massachusetts Ave,02139,https://www.linkedin.com/in/dianna-mitchy/,800-208-1768 ext 711,chris@diannamitchy.com,"Minority-owned, Immigrant-owned"
Red Dress Events LLC ,Professional Services,"26 Mallon Road, Dorchester Massachusetts ",02121,,617-602-8556 ,Reddressevents@outlook.com ,Minority-owned
Grace Legal Support Services,Professional Services,P.O Box 82,02131,www.gracelegalsupport.com,617-615-9701,wendy@gracelegalsupport.com,"Minority-owned, Veteran-owned"
VS Nailz,Professional Services,305 Hancock Street,02125,,8574924621,kiara.kerr@gmail.com,Minority-owned
A SQUARE DESIGN LLC,Interior Design Services,"Boston, MA",02115,asquaredesignboston.com,339.222.7613,anddie@asquaredesignboston.com,"Minority-owned, Immigrant-owned"
DEMP Agency,"Creative Economy, Professional Services","46 Newton St Boston, MA",02135,dempagency.com,,hello@dempagency.com,"Minority-owned, Immigrant-owned"
Bell Chiropractic Boston,Healthcare,20 Park Plaza Suite 614,02116,www.bellchiropracticboston.com,6173567759,Harmony@bellchiropracticboston.com,N/A
Branchfood,Professional Services,"50 Milk Street, Floor 16 Boston MA ",02109,www.branchfood.com,,info@branchfood.com,N/A
Branch Venture Group,Financial Services,"50 Milk Street, Fl 16 Boston MA ",02109,www.branchventuregroup.com,,info@branchventuregroup.com,N/A
Casa Mia Tours,Tourism,Hyde Park,02136,www.casamiatours.com,7818599323,carolyn@casamiatours.com,N/A
Little Pickins,CPG Food Company - Frozen Meal Bites for Kids,196 Quincy St (where we produce product) / Grocery stores throughout New England (where we sell product),02121,https://littlepickins.com/,,hello@littlepickins.com,N/A
"Love Child, LLC","Food and Beverage, Retail, Florist","364 W Broadway Boston, MA",02127,www.lovechild.co,6174805512,info@lovechild.co,N/A
Bell Chiropractic Boston,Healthcare,20 Park Plaza,02116,www.bellchiropracticboston.com,6173567759,harmony@bellchiropracticboston.com,N/A
F3 Wellness Connections,Health and wellness ,15 Sandra Rd,02302,f3wellnessconnections.com,2026567330,sarah@f3wellnessconnections.com,"Minority-owned, Veteran-owned, Immigrant-owned"
Sweet Temptations,Retail,1340 Centre Street,02124,www.sweettemptationz.com,6175127731,tb@sweettemptationz.com,Minority-owned
Boston Baked Blossoms,Food and Beverage,"1744 Columbia Rd, South Boston",02127,https://bostonbakedblossoms.com/,,hi@bostonbakedblooms.com,N/A
PAPERCUTS BOOKSHOP,Retail,60 South Street,02130,papercutsjp.com,617-522-3404,info@papercutsjp.com,N/A
Casa Aroma Candles,Retail,"Malden, MA",02148,,,casaaromacandles@gmail.com,Minority-owned
American Dream Home Care Agency LLC,Healthcare,33 Dover St,02301,,17742238801,tavaresdonations69@gmail.com,Immigrant-owned
World-Pro Paint Corp,Construction Painting,1269 Hyde Park Ave,02136,https://World-Propaint.com,16173918729,hello@world-propaint.com,Minority-owned
High Tech Construction ,Professional Services,Boston MA ,02119,hightechconstructionpros.com,(508) 308-4915,hightechconstructionpros@outlook.com,"Minority-owned, Immigrant-owned"
American Speech Coach,"Education, Professional Services, Self Development, Communication Skills Coaching","3531 Washington St, Boston, MA ",02130,www.americanspeechcoach.com,2016754034,diandra@americanspeechcoach.com,N/A
Betty D’Minx,"Creative Economy, Retail",Roxbury,02119,www.bettydminx.com,617.996.0055,Get@bettydminx.com,Minority-owned
"Kristina Melendez, Realtor",Real Estate,"Boston, MA",02122,https://kristinamelendez.kw.com,6177043818,kristinamelendez@kw.com,Minority-owned
New Moon Wellness,"Healthcare, Holistic Wellness","Everett, MA",02149,www.newmoonwellnesslauren.com,978-595-8787,reikilauren@gmail.com,N/A
Ivy’s Crown HC,"Healthcare, Hair care",59-69 MSGR LYDON WAY BOSTON MA ,02124,,6172300680,ivyscrownhc@gmail.com,N/A
KINGS & QUEENS CONSULTING LLC,"Education, Financial Services, Professional Services, COACHING AND MENTORING",859 WILLARD STREET SUITE 400,02169,www.kingsandqueensconsultingllc.com,857-241-0400,whitneymiller@kingsandqueensconsultingllc.com,Minority-owned
I  AM AMBIANCE ENTERPRISES LLC,"Education, Professional Services, Retail, hair salon",811 River Street,02136,www.iamambiancellc.com,16176209254,support@iamambiancellc.com,Minority-owned
Beckles Beauty LLC,"Creative Economy, Professional Services, Beauty Services ",811 River St,02124,www.becklesbeauty.com,6176225324,Support@becklesbeauty.com,"Minority-owned, Immigrant-owned"
ButtaH Beauty,E-commerce Natural Skin Care Brand ,Boston Ma,02126,buttahbeauty.com,6172914702,Info@buttahbeauty.com,Minority-owned
Chelsealately,Esthetician ,1752 Dorchester ave ,02125,,8573858111,Juschelz@icloud.com,N/A
Lègere Loungewear ,Fashion/Beauty,"139 Main Street, North Easton, MA 02356",02356,n/a,6178690328,N/a,N/A
The Beauty Executives’s Aesthetics ,Spa,653 Washington st unit A Quincy ma ,02169,www.beautyexecs.com,7742085568,Info@beautyexecs.com,Minority-owned
Tayla Made LLC,"Creative Economy, Education, Professional Services",472 Washington Street,02124,www.taylaandre.com,6174590041,taylaandre@thumbprintrealty.com,Minority-owned
Bee Chic Events,Events ,Boston MA,02113,beechicevents.com,3392213092,info@beechicevents.com,Minority-owned
Jocelyn Manjarrez,Financial Services,206 Commonwealth Ave Apt 5,02116,https://ontomortgage.com/team-member/jocelyn-manjarrez/,617-335-5513,jmanjarrez@ontomortgage.com,N/A
Ellisha Alexina Textiles,"Creative Economy, Manufacturing","460 Harrison Ave, C3",02118,www.ellishaalexina.com,774-364-0179,ellisha@ellishaalexina.com,N/A
Avanti Studios,"Creative Economy, Professional Services, Photography","46 Waltham St. Suite 109 Boston,MA",02118,www.avantistudios.com,6172300720,scoopmcd53@gmail.com,N/A
OnyxGroup Development & Brokerage LLC,"Professional Services, Real Estate",50 Moreland Street,02119,www.onyxbos.com,6177922268,csmart@onyxbos.com,Minority-owned
Our Village Initiative,"Creative Economy, Financial Services, Professional Services","472A Washington St, Boston MA 02124",02124,www.ourvillageinitiative.com,6175454357,info@ourvillageinitiative.com,"Minority-owned, Immigrant-owned"
Mission Advisory Group,Legal and Investigative Group,"1834 Centre Street, #451",02132,missionadvisorygrp.com,6173026720,gretchen@missionadvisorygrp.com,N/A
Honeycomb Collaborative,"Creative Economy, Market Research, Strategy and Design","Melrose, MA",02176,https://honeycombcollaborative.com/,6173834115,tara.pastina@honeycombcollaborative.com,Minority-owned
MW Hair Studio Boston ,Hair Salon,401 W 1st Street,02127,mwhairstudioboston.com,6177524212,Mwhairstudioboston@gmail.com,N/A
Greely Creative,Creative Economy,150 Poplar Street,02131,greelycreative.com,5083316318,beth@greelycreative.com,N/A
BRENDA ANGEL'S SERVICES,"Professional Services, NOTARY PUBLIC, counseling multi services ",UNKNOWN,02124,,,BRENDAANGELSSERVICES@OUTLOOK.COM,Minority-owned
"Mass Mobile Phlebotomy Services, LLC",Healthcare,"361 Newbury St, Suite 450, Boston Ma",02115,www.massmobilephlebotomy.com,857-800-2225,massmobilephleb@outlook.com,Minority-owned
DeLuca's Market,"Food and Beverage, Retail",11 Charles St,02114,www.delucasmarket.com,617-523-4343,victoria.delucasmarket@gmail.com,N/A
Butterflyfoxx Productions,"Education, Food and Beverage",58 Dudley Street,02119,https://valeriefoxxbutterflyfoxxproductions.com/,6176782655,valerie.r.foxx@gmail.com,Minority-owned
Phenomenally Speaking with Valerie Foxx,Professional Services,58 Dudley Street,02119,,617-678-2655,phenomenallyspeaking@gmail.com ,Minority-owned
Lobos Enterprise LLC,Party Rental Company and Event Space,"42 Corinth St, Roslindale, MA",02131,www.LePetitSpace.com,8572699420,info@lepetitspace.com,Minority-owned
Lindsey Canant Brand & Marketing,"Creative Economy, Professional Services, Retail",17 Worcester Street,02118,lindseycanant.com,,lindsey@lindseycanant.com,N/A
The Rose Maven,Retail,62 Howard St Randolph,02368,therosemaven.com,6172099917,elle@therosemaven.com,Minority-owned
JLW Medical Management Consulting ,"Healthcare, Professional Services, Social Service",399 Boylston Street,02116,www.jlwmedicalmh.com,8572420222,info@jlwmedicalmh.com,Minority-owned
Maison Green,Creative Economy,"156 Porter St #108, Boston MA",02128,maisongreenboston.com,6172850528,maisongreen.boston@gmail.com,N/A
AMAL,I formulate plant based skin care,29 Nelson St,02124,www.amalcreams.com,6173524927,amalcreams@gmail.com,Minority-owned
CrownBox Gift Company ,Retail,"757 Gallivan Blvd #1008 Dorchester, MA 02122 ",02122,www.CrownBoxCo.com,617-910-0535,Hello@crownboxco.com,Minority-owned
Soma Yoga Center,Health and Fitness,256 Hanover Street,02113,www.somayogacenter.com ,8572653619,gina@somayogacenter.com ,N/A
Gemmed by Gia LLC,Professional Services,"51 Washington St, Brighton, MA 02135",02135,gemmedbygia.com,8572505526,inquiries@gemmedbygia.com,Minority-owned
8 Stratton Event Management,Professional Services,"1137 Washington Street, Suite 101, Dorchester, MA",02124,www.8stratton.com,,kelly@8stratton.com,N/A
Crystal Trail Cleaning Services,"Professional Services, Cleaning Service","1 Shandon Road, Ste 313",02124,,857 203 2380,crystaltrail360@gmail.com,"Minority-owned, Immigrant-owned"
Golden Flor Wellness,Doula & Wellness,In-home support,02136,www.goldenflor.com,6179100498,goldenflorwellness@gmail.com,Minority-owned
KQs BUTTA,Creative Economy,10 Peirce Ave,02149,https://kqsbutta.com/,16176023976,CHANDARENEE@HOTMAIL.COM,Minority-owned
Infinite Beauty Lounge,"Healthcare, Med Spa","75 Adams St, suite F (2nd floor)",02186,www.infinitebeautyloungema.com,617-319-9404,Infinitebeautylounge@gmail.com,Immigrant-owned
Event Staffing by Josie,Provide event staff,"23 Goodale Road, 1",02126,www.eventstaffingbyjosie.com,6173721720,josie@eventstaffingbyjosie.com,"Minority-owned, Immigrant-owned"
True Essence Beauty Supply,"Healthcare, Retail",Currently online based,02124,www.trueessencebeautysupply.com,6179350011,thequeenzessence@gmail.com,Minority-owned
STORII PRODUCTIONS INC,Physical Activity & Wellness,"Boston, MA",02121,,6173044073,storiiproductions@gmail.com,"Minority-owned, Immigrant-owned"
Poise Health,"Healthcare, Professional Services",867 Boylston Street 5th Floor #1194,02116,https://www.findpoise.com/,1 (857) 263-3829,divia@findpoise.com,"Minority-owned, Immigrant-owned"
Informatix Health,Healthcare,55 Knapp Center,02301,www.informatixhealth.com,5085847956,jonyango@informatixhealth.com,"Minority-owned, Immigrant-owned"
Maria Servellon Video | Photo,"Creative Economy, Education, Professional Services","Boston, MA",02124,mariaservellon.com,8572094494,riaservellon@gmail.com,Minority-owned
Kay's Curries,Food and Beverage,Melrose,02176,kayscurries.com,781-606-0850,kay@kayscurries.com,"Minority-owned, Immigrant-owned"
Zenagos,Education,"Quincy, MA",02171,https://zenagos.com/,6174488821,mavis@zenagos.com,Minority-owned
SML Associates ,Private Investigations ,43 Colchester Street ,2136,n/a,508-932-9074,Smlassociates617@gmail.com,N/A
Curation Agency ,"Creative Economy, Professional Services, Event & Experiential Production","50 Milk St. Boston, MA ",02109,,(617) 701-6003,diana@curation.agency ,Minority-owned
CURATED RENTALS ,"Creative Economy, Professional Services, Tabletop Rental Studio ","650 Eastern Ave. Malden, MA ",02148,www.curated-rentals.com,617-953-8917,info@curated-rentals.com,Minority-owned
CURATED RENTALS ,"Creative Economy, Professional Services, Tabletop Rental Studio ",650 Eastern Ave. Malden MA ,02148,http://www.curated-rentals.com,617-953-8917,info@curated-rentals.com,Minority-owned
VA Graphx,"Creative Economy, Graphic Design",Massachusetts,02108,,7746337120,vagraphx@gmail.com,Minority-owned
Manman Myrthe's Pantry LLC,Food and Beverage,196 Quincy St,02121,www.mamanpantry.com,6174476954,nathalie@mamanpantry.com,"Minority-owned, Veteran-owned"
Dream Kid Spa,Kid entertainment ,15 Dana Ave. ,02316,www.dreamkidspa.com,617-800-0402,Info@dreamkidspa.com,"Minority-owned, Immigrant-owned"
J. Ventures International LLC ,Business development and marketing ,757 Gallivan Blvd. Boston Ma,02122,jventuresinternational.com,6174196725,Hello@jventuresinternational.com,Minority-owned
Blue Booby,Clean-tech/Green-tech,665 Washington St Unit 1816,02111,,2029996474,,Immigrant-owned
LT Fitness & Performance LLC,Fitness,8 Nightingale St Dorchester MA,02124,,8573188514,Ltfitperformance@gmail.com,Minority-owned
On The Move Physical Therapy & Wellness,Healthcare,46 Mercer St. ,02127,www.otmptwellness.com,857 767-6683,jen@otmptwellness.com,N/A
Nerdy Diva,"Creative Economy, Education, Professional Services, Retail, Technology","24 School St, Boston, MA",02108,www.nerdydiva.com,,shanae@nerdydiva.com,Minority-owned
Love Balungi,"Creative Economy, Manufacturing, Retail",123 Antwerp St. ,02135,https://lovebalungi.com,857-218-0977,lovebalungi@gmail.com,Minority-owned
Cambio Extremo Beauty Center LLC ,Healthcare,4258 Washington St,02131,www.cambioextremo.us,8572377315,Aljoyalp2912@gmail.com,Minority-owned
Expozedtv llc ,"Professional Services, Media ",51 b st #6 Hanover Ma ,02339,www.expozedtv.com,6178942203,Expozed.ent@gmail.com,Minority-owned
The Healing Hound LLC,"Healthcare, Post-Operative Care for Dogs and and alternative to medical boarding",45 Blanchard Rd Cambridge MA ,02138,thehealinghound.info,480-313-1716,contactthehealinghound@gmail.com,N/A
Momentz of Meaning Events LLC,"Professional Services, Event Planning ",6 School Street ,02124,www.momentzofmeaning.com ,85740091526,events@momentzofmeaning.com ,Minority-owned
LLC,Bio-tech & Life Sciences,"PO BOX 255278 BOSTON, MA 02125",02125,https://www.komodotech.io/,8573125714,angelica.arnoux@ktechboston.com,Minority-owned
Love Balungi LLC,"Professional Services, Retail","Boston, MA",02135,https://lovebalungi.com,857-218-0977,lovebalungi@gmail.com,Minority-owned
MVS Welding LLC.,Ironworks - Misc. Metals & Welding,27 Tennis Rd.,02126,mvswelding.com,6179100270,mvswelding@gmail.com,Minority-owned
OnyxGroup Realty & Brokerage LLC,"Creative Economy, Professional Services, Brokerage & Development","552 Columbus Ave, Unit 2, Boston, MA",02118,www.onyxbos.com,6172493081,csmart@onyxbos.com,"Minority-owned, Veteran-owned"
Dog Eat Cake Pet Bakery,Dog Bakery,"298 Columbus Ave, Boston Ma",02116,www.dogeatcake.com,6176787000,woof@dogeatcake.com,N/A
not applicable,Retail,166 South St,02130,sweetpeaandsagejp.com,617-297-7311,info@sweetpeaandsagejp.com,N/A
NA,"Education, Healthcare","93 Howland Street Boston, MA 02121",02121,www.queencures.com,6178882239,Jacinthc@queencures.com,Minority-owned
?,Restaurant & Catering,120 Boston St Dorchester MA 02125,02125,www.djsmarketanddeli.com,617-436-9766,djsmarketanddeli@gmail.com,N/A
Events planner,Creative Economy,54 Bicknell St. unit 1,02121,,7577537551,She.operations@gmail.com,Minority-owned
"Nur Group, LLC. ","Financial Services, Professional Services","101 King Street, Boston, MA",02122,nur.ventures,7744440044,hello@nur.ventures,"Minority-owned, Immigrant-owned"
Monterrosa Drywall & Framing Inc,Special Trade - Construction,2 Neptune Road,02128,www.monterrosadrywallandframing.com,6179979271,mirna@monterrosadrywallandframing.com,"Minority-owned, Immigrant-owned"
Celeste & Park Pet Sitting,Professional Services,"Somerville, MA",02144,https://www.celesteparkpetsitting.com,,celesteparkpetsitting@gmail.com,N/A
n/a,"Creative Economy, Healthcare",33 dunster street,02138,www.dxdunster.com,6179057267,Raesiastraker@dxdunster.com,Minority-owned
Salon Monét ,"Professional Services, Healthy hair salon ",168 Newbury St. 2nd fl,02116,hairsslonmonet.com,16174250009,HairSalonmonet@aol.com,Minority-owned
Salon Monét ,"Professional Services, Hair salon ",176 Newbury st.,02116,hairsalonmonet.com,6174250009,Shelleemendes@gmail.com,Minority-owned
sweeties,"Food and Beverage, Restaurant & Catering, Retail",48 Corinth St. Roslindale,02131,www.sweeties-social.com,,anika.ws.gramsey@gmail.com,Minority-owned
Neide Hall ,"Retail, Online store",I dont have ,02445,Www.nhallresortwear.com,6503461541,neide@nhallresortwear.com,Immigrant-owned
Business Name: LBM Jewelry,Retail,"33 Dover Street   Unit 327. Brockton, Ma 02301",02301,www.lbmjewelry.com,,Alycia@lbmjewelry.com,Minority-owned
Pendhu,"Creative Economy, Retail",61 Locust St. Apt 461. Medford MA,02155,www.pendhu.com,8014419262,melanie@pendhu.com,"Minority-owned, Immigrant-owned"
EcoBellas LLC,Professional Services,East Boston,02128,cinderbellasecocleaning.com,6172370712,CinderbellasEcoCleaning@gmail.com,N/A
N/A.   TheTéSpa ,"Education, Food and Beverage, Restaurant & Catering, Retail",N/A,02126,www.thetespa.com,617-818-4294 ,thetespa@gmail.com,Minority-owned
 Seila Herrera,Food and Beverage,4437A Washington St ,02131,laspalmaskitchen.com,6178693865,Laspalmasrest@icloud.com,"Minority-owned, Immigrant-owned"
Manaa & Associates,"Food and Beverage, Retail","63-65 poplar street, roslindale",02131,http://evidenceoftrustafricanmarket.com,781-492-5463,oluwatoyin.oshin@gmail.com,"Minority-owned, Immigrant-owned"
Poetose LLC,Publishing,NA,02109,www.poetose.com,,hello@poetose.com,Minority-owned
